cum_deposited_eth,cum_validators,deposited_eth,depositor_entity_category,time
62176,1943.0,62176,CEXs,2021-11-01 00:00:00
92960,2905.0,30784,CEXs,2021-11-08 00:00:00
128672,4021.0,35712,CEXs,2021-11-15 00:00:00
152736,4773.0,24064,CEXs,2021-11-22 00:00:00
208448,6514.0,55712,CEXs,2021-11-29 00:00:00
224064,7002.0,15616,CEXs,2021-12-06 00:00:00
249504,7797.0,25440,CEXs,2021-12-13 00:00:00
262464,8202.0,12960,CEXs,2021-12-20 00:00:00
280192,8756.0,17728,CEXs,2021-12-27 00:00:00
338240,10570.0,58048,CEXs,2022-01-03 00:00:00
377600,11800.0,39360,CEXs,2022-01-10 00:00:00
421856,13183.0,44256,CEXs,2022-01-17 00:00:00
457792,14306.0,35936,CEXs,2022-01-24 00:00:00
475328,14854.0,17536,CEXs,2022-01-31 00:00:00
498848,15589.0,23520,CEXs,2022-02-07 00:00:00
532704,16647.0,33856,CEXs,2022-02-14 00:00:00
557088,17409.0,24384,CEXs,2022-02-21 00:00:00
581472,18171.0,24384,CEXs,2022-02-28 00:00:00
608320,19010.0,26848,CEXs,2022-03-07 00:00:00
630016,19688.0,21696,CEXs,2022-03-14 00:00:00
664960,20780.0,34944,CEXs,2022-03-21 00:00:00
706016,22063.0,41056,CEXs,2022-03-28 00:00:00
730496,22828.0,24480,CEXs,2022-04-04 00:00:00
765792,23931.0,35296,CEXs,2022-04-11 00:00:00
786016,24563.0,20224,CEXs,2022-04-18 00:00:00
813344,25417.0,27328,CEXs,2022-04-25 00:00:00
835520,26110.0,22176,CEXs,2022-05-02 00:00:00
867264,27102.0,31744,CEXs,2022-05-09 00:00:00
914240,28570.0,46976,CEXs,2022-05-16 00:00:00
955008,29844.0,40768,CEXs,2022-05-23 00:00:00
1012064,31627.0,57056,CEXs,2022-05-30 00:00:00
1072640,33520.0,60576,CEXs,2022-06-06 00:00:00
1107552,34611.0,34912,CEXs,2022-06-13 00:00:00
1135808,35494.0,28256,CEXs,2022-06-20 00:00:00
1145344,35792.0,9536,CEXs,2022-06-27 00:00:00
1158624,36207.0,13280,CEXs,2022-07-04 00:00:00
1231008,38469.0,72384,CEXs,2022-07-11 00:00:00
1251136,39098.0,20128,CEXs,2022-07-18 00:00:00
1271168,39724.0,20032,CEXs,2022-07-25 00:00:00
1282848,40089.0,11680,CEXs,2022-08-01 00:00:00
1365888,42684.0,83040,CEXs,2022-08-08 00:00:00
1383424,43232.0,17536,CEXs,2022-08-15 00:00:00
1412352,44136.0,28928,CEXs,2022-08-22 00:00:00
1458656,45583.0,46304,CEXs,2022-08-29 00:00:00
1525376,47668.0,66720,CEXs,2022-09-05 00:00:00
1575680,49240.0,50304,CEXs,2022-09-12 00:00:00
1625248,50789.0,49568,CEXs,2022-09-19 00:00:00
1669472,52171.0,44224,CEXs,2022-09-26 00:00:00
1694080,52940.0,24608,CEXs,2022-10-03 00:00:00
1721120,53785.0,27040,CEXs,2022-10-10 00:00:00
1775008,55469.0,53888,CEXs,2022-10-17 00:00:00
1804160,56380.0,29152,CEXs,2022-10-24 00:00:00
1833984,57312.0,29824,CEXs,2022-10-31 00:00:00
1901472,59421.0,67488,CEXs,2022-11-07 00:00:00
1976832,61776.0,75360,CEXs,2022-11-14 00:00:00
2065056,64533.0,88224,CEXs,2022-11-21 00:00:00
2142144,66942.0,77088,CEXs,2022-11-28 00:00:00
2168928,67779.0,26784,CEXs,2022-12-05 00:00:00
2188576,68393.0,19648,CEXs,2022-12-12 00:00:00
2204288,68884.0,15712,CEXs,2022-12-19 00:00:00
2248768,70274.0,44480,CEXs,2022-12-26 00:00:00
2263424,70732.0,14656,CEXs,2023-01-02 00:00:00
2289184,71537.0,25760,CEXs,2023-01-09 00:00:00
2313440,72295.0,24256,CEXs,2023-01-16 00:00:00
2334336,72948.0,20896,CEXs,2023-01-23 00:00:00
2364416,73888.0,30080,CEXs,2023-01-30 00:00:00
2412864,75402.0,48448,CEXs,2023-02-06 00:00:00
2449856,76558.0,36992,CEXs,2023-02-13 00:00:00
2523712,78866.0,73856,CEXs,2023-02-20 00:00:00
2582624,80707.0,58912,CEXs,2023-02-27 00:00:00
2607712,81491.0,25088,CEXs,2023-03-06 00:00:00
2646944,82717.0,39232,CEXs,2023-03-13 00:00:00
2672064,83502.0,25120,CEXs,2023-03-20 00:00:00
2708160,84630.0,36096,CEXs,2023-03-27 00:00:00
2757408,86169.0,49248,CEXs,2023-04-03 00:00:00
2865600,89550.0,108192,CEXs,2023-04-10 00:00:00
3023488,94484.0,157888,CEXs,2023-04-17 00:00:00
3198400,99950.0,174912,CEXs,2023-04-24 00:00:00
3490688,109084.0,292288,CEXs,2023-05-01 00:00:00
3902144,121942.0,411456,CEXs,2023-05-08 00:00:00
4375360,136730.0,473216,CEXs,2023-05-15 00:00:00
4609664,144052.0,234304,CEXs,2023-05-22 00:00:00
4780320,149385.0,170656,CEXs,2023-05-29 00:00:00
4930176,154068.0,149856,CEXs,2023-06-05 00:00:00
5047584,157737.0,117408,CEXs,2023-06-12 00:00:00
5179072,161846.0,131488,CEXs,2023-06-19 00:00:00
5298080,165565.0,119008,CEXs,2023-06-26 00:00:00
5365824,167682.0,67744,CEXs,2023-07-03 00:00:00
5459648,170614.0,93824,CEXs,2023-07-10 00:00:00
5607328,175229.0,147680,CEXs,2023-07-17 00:00:00
5728000,179000.0,120672,CEXs,2023-07-24 00:00:00
5791488,180984.0,63488,CEXs,2023-07-31 00:00:00
5904320,184510.0,112832,CEXs,2023-08-07 00:00:00
6054624,189207.0,150304,CEXs,2023-08-14 00:00:00
6150368,192199.0,95744,CEXs,2023-08-21 00:00:00
6296416,196763.0,146048,CEXs,2023-08-28 00:00:00
6347072,198346.0,50656,CEXs,2023-09-04 00:00:00
6489600,202800.0,142528,CEXs,2023-09-11 00:00:00
6588544,205892.0,98944,CEXs,2023-09-18 00:00:00
6640800,207525.0,52256,CEXs,2023-09-25 00:00:00
6708448,209639.0,67648,CEXs,2023-10-02 00:00:00
6886336,215198.0,177888,CEXs,2023-10-09 00:00:00
6936960,216780.0,50624,CEXs,2023-10-16 00:00:00
7045120,220160.0,108160,CEXs,2023-10-23 00:00:00
7243328,226354.0,198208,CEXs,2023-10-30 00:00:00
7554336,236073.0,311008,CEXs,2023-11-06 00:00:00
7669856,239683.0,115520,CEXs,2023-11-13 00:00:00
7726400,241450.0,56544,CEXs,2023-11-20 00:00:00
7828768,244649.0,102368,CEXs,2023-11-27 00:00:00
7947424,248357.0,118656,CEXs,2023-12-04 00:00:00
8083040,252595.0,135616,CEXs,2023-12-11 00:00:00
8247936,257748.0,164896,CEXs,2023-12-18 00:00:00
8314528,259829.0,66592,CEXs,2023-12-25 00:00:00
8367904,261497.0,53376,CEXs,2024-01-01 00:00:00
8429504,263422.0,61600,CEXs,2024-01-08 00:00:00
8545728,267054.0,116224,CEXs,2024-01-15 00:00:00
8615328,269229.0,69600,CEXs,2024-01-22 00:00:00
8835872,276121.0,220544,CEXs,2024-01-29 00:00:00
8985984,280812.0,150112,CEXs,2024-02-05 00:00:00
9069568,283424.0,83584,CEXs,2024-02-12 00:00:00
9177888,286809.0,108320,CEXs,2024-02-19 00:00:00
9300192,290631.0,122304,CEXs,2024-02-26 00:00:00
9396832,293651.0,96640,CEXs,2024-03-04 00:00:00
9517376,297418.0,120544,CEXs,2024-03-11 00:00:00
9633056,301033.0,115680,CEXs,2024-03-18 00:00:00
9694528,302954.0,61472,CEXs,2024-03-25 00:00:00
9747296,304603.0,52768,CEXs,2024-04-01 00:00:00
9815264,306727.0,67968,CEXs,2024-04-08 00:00:00
9858624,308082.0,43360,CEXs,2024-04-15 00:00:00
9887328,308979.0,28704,CEXs,2024-04-22 00:00:00
9911936,309748.0,24608,CEXs,2024-04-29 00:00:00
9933536,310423.0,21600,CEXs,2024-05-06 00:00:00
9953312,311041.0,19776,CEXs,2024-05-13 00:00:00
9967552,311486.0,14240,CEXs,2024-05-20 00:00:00
9998368,312449.0,30816,CEXs,2024-05-27 00:00:00
10035328,313604.0,36960,CEXs,2024-06-03 00:00:00
10097984,315562.0,62656,CEXs,2024-06-10 00:00:00
10158944,317467.0,60960,CEXs,2024-06-17 00:00:00
10222304,319447.0,63360,CEXs,2024-06-24 00:00:00
10275712,321116.0,53408,CEXs,2024-07-01 00:00:00
10330080,322815.0,54368,CEXs,2024-07-08 00:00:00
10398400,324950.0,68320,CEXs,2024-07-15 00:00:00
10446080,326440.0,47680,CEXs,2024-07-22 00:00:00
10493696,327928.0,47616,CEXs,2024-07-29 00:00:00
10550400,329700.0,56704,CEXs,2024-08-05 00:00:00
10682112,333816.0,131712,CEXs,2024-08-12 00:00:00
10762016,336313.0,79904,CEXs,2024-08-19 00:00:00
10882624,340082.0,120608,CEXs,2024-08-26 00:00:00
10984608,343269.0,101984,CEXs,2024-09-02 00:00:00
11195072,349846.0,210464,CEXs,2024-09-09 00:00:00
11223488,350734.0,28416,CEXs,2024-09-16 00:00:00
11272192,352256.0,48704,CEXs,2024-09-23 00:00:00
11398880,356215.0,126688,CEXs,2024-09-30 00:00:00
11433088,357284.0,34208,CEXs,2024-10-07 00:00:00
11504608,359519.0,71520,CEXs,2024-10-14 00:00:00
11586848,362089.0,82240,CEXs,2024-10-21 00:00:00
11589632,362176.0,2784,CEXs,2024-10-28 00:00:00
24256,758.0,24256,Liquid Staking,2021-11-01 00:00:00
25664,802.0,1408,Liquid Staking,2021-11-08 00:00:00
79040,2470.0,53376,Liquid Staking,2021-11-15 00:00:00
112816,3525.5,33776,Liquid Staking,2021-11-22 00:00:00
148944,4654.5,36128,Liquid Staking,2021-11-29 00:00:00
201072,6283.5,52128,Liquid Staking,2021-12-06 00:00:00
234912,7341.0,33840,Liquid Staking,2021-12-13 00:00:00
264176,8255.5,29264,Liquid Staking,2021-12-20 00:00:00
288464,9014.5,24288,Liquid Staking,2021-12-27 00:00:00
327504,10234.5,39040,Liquid Staking,2022-01-03 00:00:00
347744,10867.0,20240,Liquid Staking,2022-01-10 00:00:00
422480,13202.5,74736,Liquid Staking,2022-01-17 00:00:00
453440,14170.0,30960,Liquid Staking,2022-01-24 00:00:00
486672,15208.5,33232,Liquid Staking,2022-01-31 00:00:00
538048,16814.0,51376,Liquid Staking,2022-02-07 00:00:00
575088,17971.5,37040,Liquid Staking,2022-02-14 00:00:00
665472,20796.0,90384,Liquid Staking,2022-02-21 00:00:00
788096,24628.0,122624,Liquid Staking,2022-02-28 00:00:00
974016,30438.0,185920,Liquid Staking,2022-03-07 00:00:00
1451008,45344.0,476992,Liquid Staking,2022-03-14 00:00:00
1541488,48171.5,90480,Liquid Staking,2022-03-21 00:00:00
1778256,55570.5,236768,Liquid Staking,2022-03-28 00:00:00
1964480,61390.0,186224,Liquid Staking,2022-04-04 00:00:00
2120032,66251.0,155552,Liquid Staking,2022-04-11 00:00:00
2276992,71156.0,156960,Liquid Staking,2022-04-18 00:00:00
2542368,79449.0,265376,Liquid Staking,2022-04-25 00:00:00
2828880,88402.5,286512,Liquid Staking,2022-05-02 00:00:00
2931520,91610.0,102640,Liquid Staking,2022-05-09 00:00:00
2940672,91896.0,9152,Liquid Staking,2022-05-16 00:00:00
2949008,92156.5,8336,Liquid Staking,2022-05-23 00:00:00
2957664,92427.0,8656,Liquid Staking,2022-05-30 00:00:00
2962464,92577.0,4800,Liquid Staking,2022-06-06 00:00:00
2967984,92749.5,5520,Liquid Staking,2022-06-13 00:00:00
2971456,92858.0,3472,Liquid Staking,2022-06-20 00:00:00
2981328,93166.5,9872,Liquid Staking,2022-06-27 00:00:00
2984064,93252.0,2736,Liquid Staking,2022-07-04 00:00:00
2986832,93338.5,2768,Liquid Staking,2022-07-11 00:00:00
2997584,93674.5,10752,Liquid Staking,2022-07-18 00:00:00
3005248,93914.0,7664,Liquid Staking,2022-07-25 00:00:00
3011280,94102.5,6032,Liquid Staking,2022-08-01 00:00:00
3016128,94254.0,4848,Liquid Staking,2022-08-08 00:00:00
3021968,94436.5,5840,Liquid Staking,2022-08-15 00:00:00
3028192,94631.0,6224,Liquid Staking,2022-08-22 00:00:00
3033744,94804.5,5552,Liquid Staking,2022-08-29 00:00:00
3041056,95033.0,7312,Liquid Staking,2022-09-05 00:00:00
3067776,95868.0,26720,Liquid Staking,2022-09-12 00:00:00
3119200,97475.0,51424,Liquid Staking,2022-09-19 00:00:00
3176416,99263.0,57216,Liquid Staking,2022-09-26 00:00:00
3201088,100034.0,24672,Liquid Staking,2022-10-03 00:00:00
3220288,100634.0,19200,Liquid Staking,2022-10-10 00:00:00
3263221,101975.65625,42933,Liquid Staking,2022-10-17 00:00:00
3420800,106900.0,157579,Liquid Staking,2022-10-24 00:00:00
3498576,109330.5,77776,Liquid Staking,2022-10-31 00:00:00
3532208,110381.5,33632,Liquid Staking,2022-11-07 00:00:00
3575920,111747.5,43712,Liquid Staking,2022-11-14 00:00:00
3596432,112388.5,20512,Liquid Staking,2022-11-21 00:00:00
3620656,113145.5,24224,Liquid Staking,2022-11-28 00:00:00
3646208,113944.0,25552,Liquid Staking,2022-12-05 00:00:00
3673264,114789.5,27056,Liquid Staking,2022-12-12 00:00:00
3686896,115215.5,13632,Liquid Staking,2022-12-19 00:00:00
3701904,115684.5,15008,Liquid Staking,2022-12-26 00:00:00
3725296,116415.5,23392,Liquid Staking,2023-01-02 00:00:00
3757392,117418.5,32096,Liquid Staking,2023-01-09 00:00:00
3821744,119429.5,64352,Liquid Staking,2023-01-16 00:00:00
3921920,122560.0,100176,Liquid Staking,2023-01-23 00:00:00
3984608,124519.0,62688,Liquid Staking,2023-01-30 00:00:00
4039792,126243.5,55184,Liquid Staking,2023-02-06 00:00:00
4117904,128684.5,78112,Liquid Staking,2023-02-13 00:00:00
4432400,138512.5,314496,Liquid Staking,2023-02-20 00:00:00
4690896,146590.5,258496,Liquid Staking,2023-02-27 00:00:00
4763600,148862.5,72704,Liquid Staking,2023-03-06 00:00:00
4809920,150310.0,46320,Liquid Staking,2023-03-13 00:00:00
4864960,152030.0,55040,Liquid Staking,2023-03-20 00:00:00
4900512,153141.0,35552,Liquid Staking,2023-03-27 00:00:00
4931776,154118.0,31264,Liquid Staking,2023-04-03 00:00:00
5015456,156733.0,83680,Liquid Staking,2023-04-10 00:00:00
5181865,161933.28125,166409,Liquid Staking,2023-04-17 00:00:00
5320546,166267.0625,138681,Liquid Staking,2023-04-24 00:00:00
5501745,171929.53125,181199,Liquid Staking,2023-05-01 00:00:00
5771251,180351.59375,269506,Liquid Staking,2023-05-08 00:00:00
6060669,189395.90625,289418,Liquid Staking,2023-05-15 00:00:00
6433124,201035.125,372455,Liquid Staking,2023-05-22 00:00:00
6717841,209932.53125,284717,Liquid Staking,2023-05-29 00:00:00
6885713,215178.53125,167872,Liquid Staking,2023-06-05 00:00:00
6985895,218309.21875,100182,Liquid Staking,2023-06-12 00:00:00
7154695,223584.21875,168800,Liquid Staking,2023-06-19 00:00:00
7310538,228454.3125,155843,Liquid Staking,2023-06-26 00:00:00
7405575,231424.21875,95037,Liquid Staking,2023-07-03 00:00:00
7585120,237035.0,179545,Liquid Staking,2023-07-10 00:00:00
7674099,239815.59375,88979,Liquid Staking,2023-07-17 00:00:00
7803241,243851.28125,129142,Liquid Staking,2023-07-24 00:00:00
7886103,246440.71875,82862,Liquid Staking,2023-07-31 00:00:00
8019747,250617.09375,133644,Liquid Staking,2023-08-07 00:00:00
8144659,254520.59375,124912,Liquid Staking,2023-08-14 00:00:00
8352172,261005.375,207513,Liquid Staking,2023-08-21 00:00:00
8518886,266215.1875,166714,Liquid Staking,2023-08-28 00:00:00
8587436,268357.375,68550,Liquid Staking,2023-09-04 00:00:00
8666818,270838.0625,79382,Liquid Staking,2023-09-11 00:00:00
8762168,273817.75,95350,Liquid Staking,2023-09-18 00:00:00
8836342,276135.6875,74174,Liquid Staking,2023-09-25 00:00:00
8897844,278057.625,61502,Liquid Staking,2023-10-02 00:00:00
8996852,281151.625,99008,Liquid Staking,2023-10-09 00:00:00
9050375,282824.21875,53523,Liquid Staking,2023-10-16 00:00:00
9103564,284486.375,53189,Liquid Staking,2023-10-23 00:00:00
9239894,288746.6875,136330,Liquid Staking,2023-10-30 00:00:00
9352009,292250.28125,112115,Liquid Staking,2023-11-06 00:00:00
9423551,294485.96875,71542,Liquid Staking,2023-11-13 00:00:00
9674648,302332.75,251097,Liquid Staking,2023-11-20 00:00:00
9982042,311938.8125,307394,Liquid Staking,2023-11-27 00:00:00
10023522,313235.0625,41480,Liquid Staking,2023-12-04 00:00:00
10034495,313577.96875,10973,Liquid Staking,2023-12-11 00:00:00
10066077,314564.90625,31582,Liquid Staking,2023-12-18 00:00:00
10253404,320418.875,187327,Liquid Staking,2023-12-25 00:00:00
10322077,322564.90625,68673,Liquid Staking,2024-01-01 00:00:00
10408486,325265.1875,86409,Liquid Staking,2024-01-08 00:00:00
10453976,326686.75,45490,Liquid Staking,2024-01-15 00:00:00
10531909,329122.15625,77933,Liquid Staking,2024-01-22 00:00:00
10650319,332822.46875,118410,Liquid Staking,2024-01-29 00:00:00
10878861,339964.40625,228542,Liquid Staking,2024-02-05 00:00:00
11067985,345874.53125,189124,Liquid Staking,2024-02-12 00:00:00
11098041,346813.78125,30056,Liquid Staking,2024-02-19 00:00:00
11149572,348424.125,51531,Liquid Staking,2024-02-26 00:00:00
11174343,349198.21875,24771,Liquid Staking,2024-03-04 00:00:00
11176428,349263.375,2085,Liquid Staking,2024-03-11 00:00:00
11179617,349363.03125,3189,Liquid Staking,2024-03-18 00:00:00
11183777,349493.03125,4160,Liquid Staking,2024-03-25 00:00:00
11186865,349589.53125,3088,Liquid Staking,2024-04-01 00:00:00
11196308,349884.625,9443,Liquid Staking,2024-04-08 00:00:00
11217642,350551.3125,21334,Liquid Staking,2024-04-15 00:00:00
11257242,351788.8125,39600,Liquid Staking,2024-04-22 00:00:00
11283362,352605.0625,26120,Liquid Staking,2024-04-29 00:00:00
11316840,353651.25,33478,Liquid Staking,2024-05-06 00:00:00
11336702,354271.9375,19862,Liquid Staking,2024-05-13 00:00:00
11557248,361164.0,220546,Liquid Staking,2024-05-20 00:00:00
11763811,367619.09375,206563,Liquid Staking,2024-05-27 00:00:00
11794576,368580.5,30765,Liquid Staking,2024-06-03 00:00:00
11848195,370256.09375,53619,Liquid Staking,2024-06-10 00:00:00
11977043,374282.59375,128848,Liquid Staking,2024-06-17 00:00:00
12076690,377396.5625,99647,Liquid Staking,2024-06-24 00:00:00
12118916,378716.125,42226,Liquid Staking,2024-07-01 00:00:00
12138049,379314.03125,19133,Liquid Staking,2024-07-08 00:00:00
12246442,382701.3125,108393,Liquid Staking,2024-07-15 00:00:00
12286763,383961.34375,40321,Liquid Staking,2024-07-22 00:00:00
12307061,384595.65625,20298,Liquid Staking,2024-07-29 00:00:00
12321771,385055.34375,14710,Liquid Staking,2024-08-05 00:00:00
12401166,387536.4375,79395,Liquid Staking,2024-08-12 00:00:00
12407474,387733.5625,6308,Liquid Staking,2024-08-19 00:00:00
12466238,389569.9375,58764,Liquid Staking,2024-08-26 00:00:00
12480574,390017.9375,14336,Liquid Staking,2024-09-02 00:00:00
12483553,390111.03125,2979,Liquid Staking,2024-09-09 00:00:00
12485783,390180.71875,2230,Liquid Staking,2024-09-16 00:00:00
12545759,392054.96875,59976,Liquid Staking,2024-09-23 00:00:00
12575341,392979.40625,29582,Liquid Staking,2024-09-30 00:00:00
12631983,394749.46875,56642,Liquid Staking,2024-10-07 00:00:00
12663948,395748.375,31965,Liquid Staking,2024-10-14 00:00:00
12729933,397810.40625,65985,Liquid Staking,2024-10-21 00:00:00
12745542,398298.1875,15609,Liquid Staking,2024-10-28 00:00:00
1536,48.0,1536,Staking Pools,2021-11-01 00:00:00
3392,106.0,1856,Staking Pools,2021-11-08 00:00:00
4320,135.0,928,Staking Pools,2021-11-15 00:00:00
27936,873.0,23616,Staking Pools,2021-11-22 00:00:00
31264,977.0,3328,Staking Pools,2021-11-29 00:00:00
41792,1306.0,10528,Staking Pools,2021-12-06 00:00:00
75104,2347.0,33312,Staking Pools,2021-12-13 00:00:00
93856,2933.0,18752,Staking Pools,2021-12-20 00:00:00
114144,3567.0,20288,Staking Pools,2021-12-27 00:00:00
127296,3978.0,13152,Staking Pools,2022-01-03 00:00:00
129728,4054.0,2432,Staking Pools,2022-01-10 00:00:00
137568,4299.0,7840,Staking Pools,2022-01-17 00:00:00
137856,4308.0,288,Staking Pools,2022-01-24 00:00:00
138368,4324.0,512,Staking Pools,2022-01-31 00:00:00
155168,4849.0,16800,Staking Pools,2022-02-07 00:00:00
155392,4856.0,224,Staking Pools,2022-02-14 00:00:00
165184,5162.0,9792,Staking Pools,2022-02-21 00:00:00
214400,6700.0,49216,Staking Pools,2022-02-28 00:00:00
251648,7864.0,37248,Staking Pools,2022-03-07 00:00:00
252800,7900.0,1152,Staking Pools,2022-03-14 00:00:00
253024,7907.0,224,Staking Pools,2022-03-21 00:00:00
295808,9244.0,42784,Staking Pools,2022-03-28 00:00:00
325632,10176.0,29824,Staking Pools,2022-04-04 00:00:00
368224,11507.0,42592,Staking Pools,2022-04-11 00:00:00
421632,13176.0,53408,Staking Pools,2022-04-18 00:00:00
421792,13181.0,160,Staking Pools,2022-04-25 00:00:00
423872,13246.0,2080,Staking Pools,2022-05-02 00:00:00
424064,13252.0,192,Staking Pools,2022-05-09 00:00:00
424256,13258.0,192,Staking Pools,2022-05-16 00:00:00
424352,13261.0,96,Staking Pools,2022-05-23 00:00:00
428800,13400.0,4448,Staking Pools,2022-05-30 00:00:00
433760,13555.0,4960,Staking Pools,2022-06-06 00:00:00
434400,13575.0,640,Staking Pools,2022-06-13 00:00:00
435296,13603.0,896,Staking Pools,2022-06-20 00:00:00
436032,13626.0,736,Staking Pools,2022-06-27 00:00:00
437760,13680.0,1728,Staking Pools,2022-07-04 00:00:00
440192,13756.0,2432,Staking Pools,2022-07-11 00:00:00
440960,13780.0,768,Staking Pools,2022-07-18 00:00:00
442144,13817.0,1184,Staking Pools,2022-07-25 00:00:00
442336,13823.0,192,Staking Pools,2022-08-01 00:00:00
442400,13825.0,64,Staking Pools,2022-08-08 00:00:00
451360,14105.0,8960,Staking Pools,2022-08-15 00:00:00
451648,14114.0,288,Staking Pools,2022-08-22 00:00:00
515744,16117.0,64096,Staking Pools,2022-08-29 00:00:00
515904,16122.0,160,Staking Pools,2022-09-05 00:00:00
517696,16178.0,1792,Staking Pools,2022-09-12 00:00:00
518304,16197.0,608,Staking Pools,2022-09-19 00:00:00
536896,16778.0,18592,Staking Pools,2022-09-26 00:00:00
549280,17165.0,12384,Staking Pools,2022-10-03 00:00:00
566464,17702.0,17184,Staking Pools,2022-10-10 00:00:00
584928,18279.0,18464,Staking Pools,2022-10-17 00:00:00
595680,18615.0,10752,Staking Pools,2022-10-24 00:00:00
602016,18813.0,6336,Staking Pools,2022-10-31 00:00:00
622784,19462.0,20768,Staking Pools,2022-11-07 00:00:00
647456,20233.0,24672,Staking Pools,2022-11-14 00:00:00
735008,22969.0,87552,Staking Pools,2022-11-21 00:00:00
741184,23162.0,6176,Staking Pools,2022-11-28 00:00:00
750496,23453.0,9312,Staking Pools,2022-12-05 00:00:00
762880,23840.0,12384,Staking Pools,2022-12-12 00:00:00
773440,24170.0,10560,Staking Pools,2022-12-19 00:00:00
778112,24316.0,4672,Staking Pools,2022-12-26 00:00:00
782240,24445.0,4128,Staking Pools,2023-01-02 00:00:00
794208,24819.0,11968,Staking Pools,2023-01-09 00:00:00
797632,24926.0,3424,Staking Pools,2023-01-16 00:00:00
802784,25087.0,5152,Staking Pools,2023-01-23 00:00:00
812800,25400.0,10016,Staking Pools,2023-01-30 00:00:00
826816,25838.0,14016,Staking Pools,2023-02-06 00:00:00
840032,26251.0,13216,Staking Pools,2023-02-13 00:00:00
848192,26506.0,8160,Staking Pools,2023-02-20 00:00:00
856128,26754.0,7936,Staking Pools,2023-02-27 00:00:00
862176,26943.0,6048,Staking Pools,2023-03-06 00:00:00
871808,27244.0,9632,Staking Pools,2023-03-13 00:00:00
880960,27530.0,9152,Staking Pools,2023-03-20 00:00:00
894784,27962.0,13824,Staking Pools,2023-03-27 00:00:00
898720,28085.0,3936,Staking Pools,2023-04-03 00:00:00
1022336,31948.0,123616,Staking Pools,2023-04-10 00:00:00
1128320,35260.0,105984,Staking Pools,2023-04-17 00:00:00
1289312,40291.0,160992,Staking Pools,2023-04-24 00:00:00
1476608,46144.0,187296,Staking Pools,2023-05-01 00:00:00
1664192,52006.0,187584,Staking Pools,2023-05-08 00:00:00
1738080,54315.0,73888,Staking Pools,2023-05-15 00:00:00
1801664,56302.0,63584,Staking Pools,2023-05-22 00:00:00
2267776,70868.0,466112,Staking Pools,2023-05-29 00:00:00
2392864,74777.0,125088,Staking Pools,2023-06-05 00:00:00
2470592,77206.0,77728,Staking Pools,2023-06-12 00:00:00
2584032,80751.0,113440,Staking Pools,2023-06-19 00:00:00
2630880,82215.0,46848,Staking Pools,2023-06-26 00:00:00
2671776,83493.0,40896,Staking Pools,2023-07-03 00:00:00
2810336,87823.0,138560,Staking Pools,2023-07-10 00:00:00
2918848,91214.0,108512,Staking Pools,2023-07-17 00:00:00
3105952,97061.0,187104,Staking Pools,2023-07-24 00:00:00
3149056,98408.0,43104,Staking Pools,2023-07-31 00:00:00
3179392,99356.0,30336,Staking Pools,2023-08-07 00:00:00
3218560,100580.0,39168,Staking Pools,2023-08-14 00:00:00
3270176,102193.0,51616,Staking Pools,2023-08-21 00:00:00
3306112,103316.0,35936,Staking Pools,2023-08-28 00:00:00
3354432,104826.0,48320,Staking Pools,2023-09-04 00:00:00
3450080,107815.0,95648,Staking Pools,2023-09-11 00:00:00
3538560,110580.0,88480,Staking Pools,2023-09-18 00:00:00
3668224,114632.0,129664,Staking Pools,2023-09-25 00:00:00
3775808,117994.0,107584,Staking Pools,2023-10-02 00:00:00
3889696,121553.0,113888,Staking Pools,2023-10-09 00:00:00
3979136,124348.0,89440,Staking Pools,2023-10-16 00:00:00
4023328,125729.0,44192,Staking Pools,2023-10-23 00:00:00
4101056,128158.0,77728,Staking Pools,2023-10-30 00:00:00
4168704,130272.0,67648,Staking Pools,2023-11-06 00:00:00
4218848,131839.0,50144,Staking Pools,2023-11-13 00:00:00
4273632,133551.0,54784,Staking Pools,2023-11-20 00:00:00
4384576,137018.0,110944,Staking Pools,2023-11-27 00:00:00
4443648,138864.0,59072,Staking Pools,2023-12-04 00:00:00
4600672,143771.0,157024,Staking Pools,2023-12-11 00:00:00
4713312,147291.0,112640,Staking Pools,2023-12-18 00:00:00
4801536,150048.0,88224,Staking Pools,2023-12-25 00:00:00
4901472,153171.0,99936,Staking Pools,2024-01-01 00:00:00
5051296,157853.0,149824,Staking Pools,2024-01-08 00:00:00
5164224,161382.0,112928,Staking Pools,2024-01-15 00:00:00
5313728,166054.0,149504,Staking Pools,2024-01-22 00:00:00
5504768,172024.0,191040,Staking Pools,2024-01-29 00:00:00
5739616,179363.0,234848,Staking Pools,2024-02-05 00:00:00
5947616,185863.0,208000,Staking Pools,2024-02-12 00:00:00
6092928,190404.0,145312,Staking Pools,2024-02-19 00:00:00
6324256,197633.0,231328,Staking Pools,2024-02-26 00:00:00
6450592,201581.0,126336,Staking Pools,2024-03-04 00:00:00
6589408,205919.0,138816,Staking Pools,2024-03-11 00:00:00
6738208,210569.0,148800,Staking Pools,2024-03-18 00:00:00
6878816,214963.0,140608,Staking Pools,2024-03-25 00:00:00
6957408,217419.0,78592,Staking Pools,2024-04-01 00:00:00
7093152,221661.0,135744,Staking Pools,2024-04-08 00:00:00
7196288,224884.0,103136,Staking Pools,2024-04-15 00:00:00
7237760,226180.0,41472,Staking Pools,2024-04-22 00:00:00
7280384,227512.0,42624,Staking Pools,2024-04-29 00:00:00
7317280,228665.0,36896,Staking Pools,2024-05-06 00:00:00
7361632,230051.0,44352,Staking Pools,2024-05-13 00:00:00
7420800,231900.0,59168,Staking Pools,2024-05-20 00:00:00
7481376,233793.0,60576,Staking Pools,2024-05-27 00:00:00
7572064,236627.0,90688,Staking Pools,2024-06-03 00:00:00
7644896,238903.0,72832,Staking Pools,2024-06-10 00:00:00
7723136,241348.0,78240,Staking Pools,2024-06-17 00:00:00
7762336,242573.0,39200,Staking Pools,2024-06-24 00:00:00
7842720,245085.0,80384,Staking Pools,2024-07-01 00:00:00
7920352,247511.0,77632,Staking Pools,2024-07-08 00:00:00
7977312,249291.0,56960,Staking Pools,2024-07-15 00:00:00
8054592,251706.0,77280,Staking Pools,2024-07-22 00:00:00
8142944,254467.0,88352,Staking Pools,2024-07-29 00:00:00
8227808,257119.0,84864,Staking Pools,2024-08-05 00:00:00
8308096,259628.0,80288,Staking Pools,2024-08-12 00:00:00
8368960,261530.0,60864,Staking Pools,2024-08-19 00:00:00
8425376,263293.0,56416,Staking Pools,2024-08-26 00:00:00
8471872,264746.0,46496,Staking Pools,2024-09-02 00:00:00
8515584,266112.0,43712,Staking Pools,2024-09-09 00:00:00
8553984,267312.0,38400,Staking Pools,2024-09-16 00:00:00
8633408,269794.0,79424,Staking Pools,2024-09-23 00:00:00
8693536,271673.0,60128,Staking Pools,2024-09-30 00:00:00
8754464,273577.0,60928,Staking Pools,2024-10-07 00:00:00
8828640,275895.0,74176,Staking Pools,2024-10-14 00:00:00
8931072,279096.0,102432,Staking Pools,2024-10-21 00:00:00
8932576,279143.0,1504,Staking Pools,2024-10-28 00:00:00
6690672,209083.5,5719,Unidentified,2024-10-28 00:00:00
6684953,208904.78125,110765,Unidentified,2024-10-21 00:00:00
6574188,205443.375,105236,Unidentified,2024-10-14 00:00:00
6468952,202154.75,43488,Unidentified,2024-10-07 00:00:00
6425464,200795.75,52729,Unidentified,2024-09-30 00:00:00
6372735,199147.96875,81010,Unidentified,2024-09-23 00:00:00
6291725,196616.40625,53170,Unidentified,2024-09-16 00:00:00
6238555,194954.84375,39789,Unidentified,2024-09-09 00:00:00
6198766,193711.4375,60200,Unidentified,2024-09-02 00:00:00
6138566,191830.1875,104724,Unidentified,2024-08-26 00:00:00
6033842,188557.5625,35260,Unidentified,2024-08-19 00:00:00
5998582,187455.6875,49620,Unidentified,2024-08-12 00:00:00
5948962,185905.0625,42058,Unidentified,2024-08-05 00:00:00
5906904,184590.75,156635,Unidentified,2024-07-29 00:00:00
5750269,179695.90625,120320,Unidentified,2024-07-22 00:00:00
5629949,175935.90625,79254,Unidentified,2024-07-15 00:00:00
5550695,173459.21875,145504,Unidentified,2024-07-08 00:00:00
5405191,168912.21875,58363,Unidentified,2024-07-01 00:00:00
5346828,167088.375,54208,Unidentified,2024-06-24 00:00:00
5292620,165394.375,95040,Unidentified,2024-06-17 00:00:00
5197580,162424.375,45625,Unidentified,2024-06-10 00:00:00
5151955,160998.59375,47919,Unidentified,2024-06-03 00:00:00
5104036,159501.125,59248,Unidentified,2024-05-27 00:00:00
5044788,157649.625,36587,Unidentified,2024-05-20 00:00:00
5008201,156506.28125,47584,Unidentified,2024-05-13 00:00:00
4960617,155019.28125,67360,Unidentified,2024-05-06 00:00:00
4893257,152914.28125,41696,Unidentified,2024-04-29 00:00:00
4851561,151611.28125,35936,Unidentified,2024-04-22 00:00:00
4815625,150488.28125,56384,Unidentified,2024-04-15 00:00:00
4759241,148726.28125,59264,Unidentified,2024-04-08 00:00:00
4699977,146874.28125,33664,Unidentified,2024-04-01 00:00:00
4666313,145822.28125,16288,Unidentified,2024-03-25 00:00:00
4650025,145313.28125,56507,Unidentified,2024-03-18 00:00:00
4593518,143547.4375,31374,Unidentified,2024-03-11 00:00:00
4562144,142567.0,131872,Unidentified,2024-03-04 00:00:00
4430272,138446.0,219158,Unidentified,2024-02-26 00:00:00
4211114,131597.3125,46742,Unidentified,2024-02-19 00:00:00
4164372,130136.625,124302,Unidentified,2024-02-12 00:00:00
4040070,126252.1875,13906,Unidentified,2024-02-05 00:00:00
4026164,125817.625,58399,Unidentified,2024-01-29 00:00:00
3967765,123992.65625,172256,Unidentified,2024-01-22 00:00:00
3795509,118609.65625,66367,Unidentified,2024-01-15 00:00:00
3729142,116535.6875,42882,Unidentified,2024-01-08 00:00:00
3686260,115195.625,66088,Unidentified,2024-01-01 00:00:00
3620172,113130.375,36478,Unidentified,2023-12-25 00:00:00
3583694,111990.4375,41758,Unidentified,2023-12-18 00:00:00
3541936,110685.5,21984,Unidentified,2023-12-11 00:00:00
3519952,109998.5,40064,Unidentified,2023-12-04 00:00:00
3479888,108746.5,53856,Unidentified,2023-11-27 00:00:00
3426032,107063.5,28288,Unidentified,2023-11-20 00:00:00
3397744,106179.5,28096,Unidentified,2023-11-13 00:00:00
3369648,105301.5,36672,Unidentified,2023-11-06 00:00:00
3332976,104155.5,87296,Unidentified,2023-10-30 00:00:00
3245680,101427.5,82527,Unidentified,2023-10-23 00:00:00
3163153,98848.53125,60192,Unidentified,2023-10-16 00:00:00
3102961,96967.53125,35904,Unidentified,2023-10-09 00:00:00
3067057,95845.53125,49120,Unidentified,2023-10-02 00:00:00
3017937,94310.53125,30368,Unidentified,2023-09-25 00:00:00
2987569,93361.53125,44192,Unidentified,2023-09-18 00:00:00
2943377,91980.53125,24669,Unidentified,2023-09-11 00:00:00
2918708,91209.625,50207,Unidentified,2023-09-04 00:00:00
2868501,89640.65625,29440,Unidentified,2023-08-28 00:00:00
2839061,88720.65625,50336,Unidentified,2023-08-21 00:00:00
2788725,87147.65625,34048,Unidentified,2023-08-14 00:00:00
2754677,86083.65625,72895,Unidentified,2023-08-07 00:00:00
2681782,83805.6875,23002,Unidentified,2023-07-31 00:00:00
2658780,83086.875,21485,Unidentified,2023-07-24 00:00:00
2637295,82415.46875,122671,Unidentified,2023-07-17 00:00:00
2514624,78582.0,48480,Unidentified,2023-07-10 00:00:00
2466144,77067.0,46912,Unidentified,2023-07-03 00:00:00
2419232,75601.0,55040,Unidentified,2023-06-26 00:00:00
2364192,73881.0,89312,Unidentified,2023-06-19 00:00:00
2274880,71090.0,41115,Unidentified,2023-06-12 00:00:00
2233765,69805.15625,57742,Unidentified,2023-06-05 00:00:00
2176023,68000.71875,56317,Unidentified,2023-05-29 00:00:00
2119706,66240.8125,58050,Unidentified,2023-05-22 00:00:00
2061656,64426.75,97828,Unidentified,2023-05-15 00:00:00
1963828,61369.625,95736,Unidentified,2023-05-08 00:00:00
1868092,58377.875,238588,Unidentified,2023-05-01 00:00:00
1629504,50922.0,95591,Unidentified,2023-04-24 00:00:00
1533913,47934.78125,137956,Unidentified,2023-04-17 00:00:00
1395957,43623.65625,90112,Unidentified,2023-04-10 00:00:00
1305845,40807.65625,14528,Unidentified,2023-04-03 00:00:00
1291317,40353.65625,74592,Unidentified,2023-03-27 00:00:00
1216725,38022.65625,35488,Unidentified,2023-03-20 00:00:00
1181237,36913.65625,29984,Unidentified,2023-03-13 00:00:00
1151253,35976.65625,19872,Unidentified,2023-03-06 00:00:00
1131381,35355.65625,11104,Unidentified,2023-02-27 00:00:00
1120277,35008.65625,23200,Unidentified,2023-02-20 00:00:00
1097077,34283.65625,11104,Unidentified,2023-02-13 00:00:00
1085973,33936.65625,11808,Unidentified,2023-02-06 00:00:00
1074165,33567.65625,35232,Unidentified,2023-01-30 00:00:00
1038933,32466.65625,31680,Unidentified,2023-01-23 00:00:00
1007253,31476.65625,11264,Unidentified,2023-01-16 00:00:00
995989,31124.65625,35104,Unidentified,2023-01-09 00:00:00
960885,30027.65625,45728,Unidentified,2023-01-02 00:00:00
915157,28598.65625,23392,Unidentified,2022-12-26 00:00:00
891765,27867.65625,21088,Unidentified,2022-12-19 00:00:00
870677,27208.65625,21152,Unidentified,2022-12-12 00:00:00
849525,26547.65625,38400,Unidentified,2022-12-05 00:00:00
811125,25347.65625,28864,Unidentified,2022-11-28 00:00:00
782261,24445.65625,31584,Unidentified,2022-11-21 00:00:00
750677,23458.65625,41088,Unidentified,2022-11-14 00:00:00
709589,22174.65625,51136,Unidentified,2022-11-07 00:00:00
658453,20576.65625,25536,Unidentified,2022-10-31 00:00:00
632917,19778.65625,37792,Unidentified,2022-10-24 00:00:00
595125,18597.65625,42368,Unidentified,2022-10-17 00:00:00
552757,17273.65625,8832,Unidentified,2022-10-10 00:00:00
543925,16997.65625,19872,Unidentified,2022-10-03 00:00:00
524053,16376.65625,20736,Unidentified,2022-09-26 00:00:00
503317,15728.65625,55056,Unidentified,2022-09-19 00:00:00
448261,14008.15625,73458,Unidentified,2022-09-12 00:00:00
374803,11712.59375,41408,Unidentified,2022-09-05 00:00:00
333395,10418.59375,11392,Unidentified,2022-08-29 00:00:00
322003,10062.59375,11392,Unidentified,2022-08-22 00:00:00
310611,9706.59375,2976,Unidentified,2022-08-15 00:00:00
307635,9613.59375,2912,Unidentified,2022-08-08 00:00:00
304723,9522.59375,5824,Unidentified,2022-08-01 00:00:00
298899,9340.59375,7680,Unidentified,2022-07-25 00:00:00
291219,9100.59375,9952,Unidentified,2022-07-18 00:00:00
281267,8789.59375,10592,Unidentified,2022-07-11 00:00:00
270675,8458.59375,2848,Unidentified,2022-07-04 00:00:00
267827,8369.59375,8928,Unidentified,2022-06-27 00:00:00
258899,8090.59375,12224,Unidentified,2022-06-20 00:00:00
246675,7708.59375,5376,Unidentified,2022-06-13 00:00:00
241299,7540.59375,4736,Unidentified,2022-06-06 00:00:00
236563,7392.59375,10114,Unidentified,2022-05-30 00:00:00
226449,7076.53125,2481,Unidentified,2022-05-23 00:00:00
223968,6999.0,2880,Unidentified,2022-05-16 00:00:00
221088,6909.0,3456,Unidentified,2022-05-09 00:00:00
217632,6801.0,7712,Unidentified,2022-05-02 00:00:00
209920,6560.0,4704,Unidentified,2022-04-25 00:00:00
205216,6413.0,4480,Unidentified,2022-04-18 00:00:00
200736,6273.0,14016,Unidentified,2022-04-11 00:00:00
186720,5835.0,8800,Unidentified,2022-04-04 00:00:00
177920,5560.0,4672,Unidentified,2022-03-28 00:00:00
173248,5414.0,9856,Unidentified,2022-03-21 00:00:00
163392,5106.0,28928,Unidentified,2022-03-14 00:00:00
134464,4202.0,12000,Unidentified,2022-03-07 00:00:00
122464,3827.0,3680,Unidentified,2022-02-28 00:00:00
118784,3712.0,3328,Unidentified,2022-02-21 00:00:00
115456,3608.0,5440,Unidentified,2022-02-14 00:00:00
110016,3438.0,5536,Unidentified,2022-02-07 00:00:00
104480,3265.0,11968,Unidentified,2022-01-31 00:00:00
92512,2891.0,7456,Unidentified,2022-01-24 00:00:00
85056,2658.0,2784,Unidentified,2022-01-17 00:00:00
82272,2571.0,6272,Unidentified,2022-01-10 00:00:00
76000,2375.0,7072,Unidentified,2022-01-03 00:00:00
68928,2154.0,6208,Unidentified,2021-12-27 00:00:00
62720,1960.0,5760,Unidentified,2021-12-20 00:00:00
56960,1780.0,12896,Unidentified,2021-12-13 00:00:00
44064,1377.0,2848,Unidentified,2021-12-06 00:00:00
41216,1288.0,3808,Unidentified,2021-11-29 00:00:00
37408,1169.0,4864,Unidentified,2021-11-22 00:00:00
32544,1017.0,5728,Unidentified,2021-11-15 00:00:00
26816,838.0,7072,Unidentified,2021-11-08 00:00:00
19744,617.0,19744,Unidentified,2021-11-01 00:00:00
0,0.0,0,Liquid Restaking,2021-11-01 00:00:00
0,0.0,0,Liquid Restaking,2021-11-08 00:00:00
0,0.0,0,Liquid Restaking,2021-11-15 00:00:00
0,0.0,0,Liquid Restaking,2021-11-22 00:00:00
0,0.0,0,Liquid Restaking,2021-11-29 00:00:00
0,0.0,0,Liquid Restaking,2021-12-06 00:00:00
0,0.0,0,Liquid Restaking,2021-12-13 00:00:00
0,0.0,0,Liquid Restaking,2021-12-20 00:00:00
0,0.0,0,Liquid Restaking,2021-12-27 00:00:00
0,0.0,0,Liquid Restaking,2022-01-03 00:00:00
0,0.0,0,Liquid Restaking,2022-01-10 00:00:00
0,0.0,0,Liquid Restaking,2022-01-17 00:00:00
0,0.0,0,Liquid Restaking,2022-01-24 00:00:00
0,0.0,0,Liquid Restaking,2022-01-31 00:00:00
0,0.0,0,Liquid Restaking,2022-02-07 00:00:00
0,0.0,0,Liquid Restaking,2022-02-14 00:00:00
0,0.0,0,Liquid Restaking,2022-02-21 00:00:00
0,0.0,0,Liquid Restaking,2022-02-28 00:00:00
0,0.0,0,Liquid Restaking,2022-03-07 00:00:00
0,0.0,0,Liquid Restaking,2022-03-14 00:00:00
0,0.0,0,Liquid Restaking,2022-03-21 00:00:00
0,0.0,0,Liquid Restaking,2022-03-28 00:00:00
0,0.0,0,Liquid Restaking,2022-04-04 00:00:00
0,0.0,0,Liquid Restaking,2022-04-11 00:00:00
0,0.0,0,Liquid Restaking,2022-04-18 00:00:00
0,0.0,0,Liquid Restaking,2022-04-25 00:00:00
0,0.0,0,Liquid Restaking,2022-05-02 00:00:00
0,0.0,0,Liquid Restaking,2022-05-09 00:00:00
0,0.0,0,Liquid Restaking,2022-05-16 00:00:00
0,0.0,0,Liquid Restaking,2022-05-23 00:00:00
0,0.0,0,Liquid Restaking,2022-05-30 00:00:00
0,0.0,0,Liquid Restaking,2022-06-06 00:00:00
0,0.0,0,Liquid Restaking,2022-06-13 00:00:00
0,0.0,0,Liquid Restaking,2022-06-20 00:00:00
0,0.0,0,Liquid Restaking,2022-06-27 00:00:00
0,0.0,0,Liquid Restaking,2022-07-04 00:00:00
0,0.0,0,Liquid Restaking,2022-07-11 00:00:00
0,0.0,0,Liquid Restaking,2022-07-18 00:00:00
0,0.0,0,Liquid Restaking,2022-07-25 00:00:00
0,0.0,0,Liquid Restaking,2022-08-01 00:00:00
0,0.0,0,Liquid Restaking,2022-08-08 00:00:00
3,0.09375,3,Liquid Restaking,2022-08-15 00:00:00
129,4.03125,126,Liquid Restaking,2022-08-22 00:00:00
170,5.3125,41,Liquid Restaking,2022-08-29 00:00:00
204,6.375,34,Liquid Restaking,2022-09-05 00:00:00
256,8.0,52,Liquid Restaking,2022-09-12 00:00:00
256,8.0,0,Liquid Restaking,2022-09-19 00:00:00
256,8.0,0,Liquid Restaking,2022-09-26 00:00:00
256,8.0,0,Liquid Restaking,2022-10-03 00:00:00
256,8.0,0,Liquid Restaking,2022-10-10 00:00:00
256,8.0,0,Liquid Restaking,2022-10-17 00:00:00
256,8.0,0,Liquid Restaking,2022-10-24 00:00:00
256,8.0,0,Liquid Restaking,2022-10-31 00:00:00
256,8.0,0,Liquid Restaking,2022-11-07 00:00:00
256,8.0,0,Liquid Restaking,2022-11-14 00:00:00
256,8.0,0,Liquid Restaking,2022-11-21 00:00:00
256,8.0,0,Liquid Restaking,2022-11-28 00:00:00
256,8.0,0,Liquid Restaking,2022-12-05 00:00:00
256,8.0,0,Liquid Restaking,2022-12-12 00:00:00
256,8.0,0,Liquid Restaking,2022-12-19 00:00:00
256,8.0,0,Liquid Restaking,2022-12-26 00:00:00
256,8.0,0,Liquid Restaking,2023-01-02 00:00:00
256,8.0,0,Liquid Restaking,2023-01-09 00:00:00
256,8.0,0,Liquid Restaking,2023-01-16 00:00:00
256,8.0,0,Liquid Restaking,2023-01-23 00:00:00
256,8.0,0,Liquid Restaking,2023-01-30 00:00:00
256,8.0,0,Liquid Restaking,2023-02-06 00:00:00
256,8.0,0,Liquid Restaking,2023-02-13 00:00:00
256,8.0,0,Liquid Restaking,2023-02-20 00:00:00
256,8.0,0,Liquid Restaking,2023-02-27 00:00:00
256,8.0,0,Liquid Restaking,2023-03-06 00:00:00
256,8.0,0,Liquid Restaking,2023-03-13 00:00:00
256,8.0,0,Liquid Restaking,2023-03-20 00:00:00
256,8.0,0,Liquid Restaking,2023-03-27 00:00:00
256,8.0,0,Liquid Restaking,2023-04-03 00:00:00
256,8.0,0,Liquid Restaking,2023-04-10 00:00:00
448,14.0,192,Liquid Restaking,2023-04-17 00:00:00
3552,111.0,3104,Liquid Restaking,2023-04-24 00:00:00
6880,215.0,3328,Liquid Restaking,2023-05-01 00:00:00
9088,284.0,2208,Liquid Restaking,2023-05-08 00:00:00
13824,432.0,4736,Liquid Restaking,2023-05-15 00:00:00
20032,626.0,6208,Liquid Restaking,2023-05-22 00:00:00
21696,678.0,1664,Liquid Restaking,2023-05-29 00:00:00
23840,745.0,2144,Liquid Restaking,2023-06-05 00:00:00
28320,885.0,4480,Liquid Restaking,2023-06-12 00:00:00
31840,995.0,3520,Liquid Restaking,2023-06-19 00:00:00
35104,1097.0,3264,Liquid Restaking,2023-06-26 00:00:00
39296,1228.0,4192,Liquid Restaking,2023-07-03 00:00:00
42272,1321.0,2976,Liquid Restaking,2023-07-10 00:00:00
45504,1422.0,3232,Liquid Restaking,2023-07-17 00:00:00
54496,1703.0,8992,Liquid Restaking,2023-07-24 00:00:00
55040,1720.0,544,Liquid Restaking,2023-07-31 00:00:00
56672,1771.0,1632,Liquid Restaking,2023-08-07 00:00:00
57184,1787.0,512,Liquid Restaking,2023-08-14 00:00:00
58240,1820.0,1056,Liquid Restaking,2023-08-21 00:00:00
60416,1888.0,2176,Liquid Restaking,2023-08-28 00:00:00
62208,1944.0,1792,Liquid Restaking,2023-09-04 00:00:00
62528,1954.0,320,Liquid Restaking,2023-09-11 00:00:00
62528,1954.0,0,Liquid Restaking,2023-09-18 00:00:00
62976,1968.0,448,Liquid Restaking,2023-09-25 00:00:00
64160,2005.0,1184,Liquid Restaking,2023-10-02 00:00:00
64416,2013.0,256,Liquid Restaking,2023-10-09 00:00:00
64480,2015.0,64,Liquid Restaking,2023-10-16 00:00:00
64608,2019.0,128,Liquid Restaking,2023-10-23 00:00:00
64800,2025.0,192,Liquid Restaking,2023-10-30 00:00:00
64992,2031.0,192,Liquid Restaking,2023-11-06 00:00:00
65248,2039.0,256,Liquid Restaking,2023-11-13 00:00:00
70663,2208.21875,5415,Liquid Restaking,2023-11-20 00:00:00
83676,2614.875,13013,Liquid Restaking,2023-11-27 00:00:00
89392,2793.5,5716,Liquid Restaking,2023-12-04 00:00:00
98516,3078.625,9124,Liquid Restaking,2023-12-11 00:00:00
156832,4901.0,58316,Liquid Restaking,2023-12-18 00:00:00
193665,6052.03125,36833,Liquid Restaking,2023-12-25 00:00:00
218871,6839.71875,25206,Liquid Restaking,2024-01-01 00:00:00
241208,7537.75,22337,Liquid Restaking,2024-01-08 00:00:00
358162,11192.5625,116954,Liquid Restaking,2024-01-15 00:00:00
460133,14379.15625,101971,Liquid Restaking,2024-01-22 00:00:00
573472,17921.0,113339,Liquid Restaking,2024-01-29 00:00:00
740726,23147.6875,167254,Liquid Restaking,2024-02-05 00:00:00
850672,26583.5,109946,Liquid Restaking,2024-02-12 00:00:00
945152,29536.0,94480,Liquid Restaking,2024-02-19 00:00:00
1034848,32339.0,89696,Liquid Restaking,2024-02-26 00:00:00
1111968,34749.0,77120,Liquid Restaking,2024-03-04 00:00:00
1270599,39706.21875,158631,Liquid Restaking,2024-03-11 00:00:00
1506208,47069.0,235609,Liquid Restaking,2024-03-18 00:00:00
1890127,59066.46875,383919,Liquid Restaking,2024-03-25 00:00:00
2151252,67226.625,261125,Liquid Restaking,2024-04-01 00:00:00
2452752,76648.5,301500,Liquid Restaking,2024-04-08 00:00:00
2564364,80136.375,111612,Liquid Restaking,2024-04-15 00:00:00
2681888,83809.0,117524,Liquid Restaking,2024-04-22 00:00:00
2686289,83946.53125,4401,Liquid Restaking,2024-04-29 00:00:00
2724608,85144.0,38319,Liquid Restaking,2024-05-06 00:00:00
2769920,86560.0,45312,Liquid Restaking,2024-05-13 00:00:00
2788064,87127.0,18144,Liquid Restaking,2024-05-20 00:00:00
2943209,91975.28125,155145,Liquid Restaking,2024-05-27 00:00:00
3093514,96672.3125,150305,Liquid Restaking,2024-06-03 00:00:00
3232044,101001.375,138530,Liquid Restaking,2024-06-10 00:00:00
3293212,102912.875,61168,Liquid Restaking,2024-06-17 00:00:00
3337952,104311.0,44740,Liquid Restaking,2024-06-24 00:00:00
3386816,105838.0,48864,Liquid Restaking,2024-07-01 00:00:00
3426912,107091.0,40096,Liquid Restaking,2024-07-08 00:00:00
3666176,114568.0,239264,Liquid Restaking,2024-07-15 00:00:00
3719528,116235.25,53352,Liquid Restaking,2024-07-22 00:00:00
3792864,118527.0,73336,Liquid Restaking,2024-07-29 00:00:00
3802432,118826.0,9568,Liquid Restaking,2024-08-05 00:00:00
3819328,119354.0,16896,Liquid Restaking,2024-08-12 00:00:00
3846304,120197.0,26976,Liquid Restaking,2024-08-19 00:00:00
3889056,121533.0,42752,Liquid Restaking,2024-08-26 00:00:00
3919744,122492.0,30688,Liquid Restaking,2024-09-02 00:00:00
3940160,123130.0,20416,Liquid Restaking,2024-09-09 00:00:00
3952224,123507.0,12064,Liquid Restaking,2024-09-16 00:00:00
3959520,123735.0,7296,Liquid Restaking,2024-09-23 00:00:00
4042528,126329.0,83008,Liquid Restaking,2024-09-30 00:00:00
4051072,126596.0,8544,Liquid Restaking,2024-10-07 00:00:00
4051328,126604.0,256,Liquid Restaking,2024-10-14 00:00:00
4079136,127473.0,27808,Liquid Restaking,2024-10-21 00:00:00
4080032,127501.0,896,Liquid Restaking,2024-10-28 00:00:00
207618,6488.0625,0,Solo Stakers,2024-10-28 00:00:00
207618,6488.0625,32,Solo Stakers,2024-10-21 00:00:00
207586,6487.0625,0,Solo Stakers,2024-10-14 00:00:00
207586,6487.0625,32,Solo Stakers,2024-10-07 00:00:00
207554,6486.0625,32,Solo Stakers,2024-09-30 00:00:00
207522,6485.0625,192,Solo Stakers,2024-09-23 00:00:00
207330,6479.0625,0,Solo Stakers,2024-09-16 00:00:00
207330,6479.0625,0,Solo Stakers,2024-09-09 00:00:00
207330,6479.0625,0,Solo Stakers,2024-09-02 00:00:00
207330,6479.0625,0,Solo Stakers,2024-08-26 00:00:00
207330,6479.0625,0,Solo Stakers,2024-08-19 00:00:00
207330,6479.0625,160,Solo Stakers,2024-08-12 00:00:00
207170,6474.0625,160,Solo Stakers,2024-08-05 00:00:00
207010,6469.0625,256,Solo Stakers,2024-07-29 00:00:00
206754,6461.0625,0,Solo Stakers,2024-07-22 00:00:00
206754,6461.0625,32,Solo Stakers,2024-07-15 00:00:00
206722,6460.0625,0,Solo Stakers,2024-07-08 00:00:00
206722,6460.0625,704,Solo Stakers,2024-07-01 00:00:00
206018,6438.0625,768,Solo Stakers,2024-06-24 00:00:00
205250,6414.0625,0,Solo Stakers,2024-06-17 00:00:00
205250,6414.0625,32,Solo Stakers,2024-06-10 00:00:00
205218,6413.0625,32,Solo Stakers,2024-06-03 00:00:00
205186,6412.0625,96,Solo Stakers,2024-05-27 00:00:00
205090,6409.0625,224,Solo Stakers,2024-05-20 00:00:00
204866,6402.0625,0,Solo Stakers,2024-05-13 00:00:00
204866,6402.0625,704,Solo Stakers,2024-05-06 00:00:00
204162,6380.0625,64,Solo Stakers,2024-04-29 00:00:00
204098,6378.0625,192,Solo Stakers,2024-04-22 00:00:00
203906,6372.0625,320,Solo Stakers,2024-04-15 00:00:00
203586,6362.0625,192,Solo Stakers,2024-04-08 00:00:00
203394,6356.0625,96,Solo Stakers,2024-04-01 00:00:00
203298,6353.0625,32,Solo Stakers,2024-03-25 00:00:00
203266,6352.0625,32,Solo Stakers,2024-03-18 00:00:00
203234,6351.0625,0,Solo Stakers,2024-03-11 00:00:00
203234,6351.0625,256,Solo Stakers,2024-03-04 00:00:00
202978,6343.0625,288,Solo Stakers,2024-02-26 00:00:00
202690,6334.0625,1280,Solo Stakers,2024-02-19 00:00:00
201410,6294.0625,96,Solo Stakers,2024-02-12 00:00:00
201314,6291.0625,480,Solo Stakers,2024-02-05 00:00:00
200834,6276.0625,256,Solo Stakers,2024-01-29 00:00:00
200578,6268.0625,160,Solo Stakers,2024-01-22 00:00:00
200418,6263.0625,2272,Solo Stakers,2024-01-15 00:00:00
198146,6192.0625,288,Solo Stakers,2024-01-08 00:00:00
197858,6183.0625,512,Solo Stakers,2024-01-01 00:00:00
197346,6167.0625,64,Solo Stakers,2023-12-25 00:00:00
197282,6165.0625,3712,Solo Stakers,2023-12-18 00:00:00
193570,6049.0625,96,Solo Stakers,2023-12-11 00:00:00
193474,6046.0625,160,Solo Stakers,2023-12-04 00:00:00
193314,6041.0625,192,Solo Stakers,2023-11-27 00:00:00
193122,6035.0625,32,Solo Stakers,2023-11-20 00:00:00
193090,6034.0625,64,Solo Stakers,2023-11-13 00:00:00
193026,6032.0625,64,Solo Stakers,2023-11-06 00:00:00
192962,6030.0625,544,Solo Stakers,2023-10-30 00:00:00
192418,6013.0625,224,Solo Stakers,2023-10-23 00:00:00
192194,6006.0625,384,Solo Stakers,2023-10-16 00:00:00
191810,5994.0625,128,Solo Stakers,2023-10-09 00:00:00
191682,5990.0625,1216,Solo Stakers,2023-10-02 00:00:00
190466,5952.0625,1888,Solo Stakers,2023-09-25 00:00:00
188578,5893.0625,96,Solo Stakers,2023-09-18 00:00:00
188482,5890.0625,384,Solo Stakers,2023-09-11 00:00:00
188098,5878.0625,800,Solo Stakers,2023-09-04 00:00:00
187298,5853.0625,608,Solo Stakers,2023-08-28 00:00:00
186690,5834.0625,480,Solo Stakers,2023-08-21 00:00:00
186210,5819.0625,320,Solo Stakers,2023-08-14 00:00:00
185890,5809.0625,1408,Solo Stakers,2023-08-07 00:00:00
184482,5765.0625,960,Solo Stakers,2023-07-31 00:00:00
183522,5735.0625,640,Solo Stakers,2023-07-24 00:00:00
182882,5715.0625,352,Solo Stakers,2023-07-17 00:00:00
182530,5704.0625,416,Solo Stakers,2023-07-10 00:00:00
182114,5691.0625,1248,Solo Stakers,2023-07-03 00:00:00
180866,5652.0625,192,Solo Stakers,2023-06-26 00:00:00
180674,5646.0625,640,Solo Stakers,2023-06-19 00:00:00
180034,5626.0625,160,Solo Stakers,2023-06-12 00:00:00
179874,5621.0625,288,Solo Stakers,2023-06-05 00:00:00
179586,5612.0625,1376,Solo Stakers,2023-05-29 00:00:00
178210,5569.0625,2176,Solo Stakers,2023-05-22 00:00:00
176034,5501.0625,7840,Solo Stakers,2023-05-15 00:00:00
168194,5256.0625,12704,Solo Stakers,2023-05-08 00:00:00
155490,4859.0625,3648,Solo Stakers,2023-05-01 00:00:00
151842,4745.0625,4992,Solo Stakers,2023-04-24 00:00:00
146850,4589.0625,3522,Solo Stakers,2023-04-17 00:00:00
143328,4479.0,1792,Solo Stakers,2023-04-10 00:00:00
141536,4423.0,288,Solo Stakers,2023-04-03 00:00:00
141248,4414.0,1120,Solo Stakers,2023-03-27 00:00:00
140128,4379.0,224,Solo Stakers,2023-03-20 00:00:00
139904,4372.0,160,Solo Stakers,2023-03-13 00:00:00
139744,4367.0,1728,Solo Stakers,2023-03-06 00:00:00
138016,4313.0,96,Solo Stakers,2023-02-27 00:00:00
137920,4310.0,160,Solo Stakers,2023-02-20 00:00:00
137760,4305.0,352,Solo Stakers,2023-02-13 00:00:00
137408,4294.0,736,Solo Stakers,2023-02-06 00:00:00
136672,4271.0,576,Solo Stakers,2023-01-30 00:00:00
136096,4253.0,4032,Solo Stakers,2023-01-23 00:00:00
132064,4127.0,1152,Solo Stakers,2023-01-16 00:00:00
130912,4091.0,5824,Solo Stakers,2023-01-09 00:00:00
125088,3909.0,160,Solo Stakers,2023-01-02 00:00:00
124928,3904.0,480,Solo Stakers,2022-12-26 00:00:00
124448,3889.0,2144,Solo Stakers,2022-12-19 00:00:00
122304,3822.0,1184,Solo Stakers,2022-12-12 00:00:00
121120,3785.0,256,Solo Stakers,2022-12-05 00:00:00
120864,3777.0,4608,Solo Stakers,2022-11-28 00:00:00
116256,3633.0,800,Solo Stakers,2022-11-21 00:00:00
115456,3608.0,1728,Solo Stakers,2022-11-14 00:00:00
113728,3554.0,2560,Solo Stakers,2022-11-07 00:00:00
111168,3474.0,928,Solo Stakers,2022-10-31 00:00:00
110240,3445.0,416,Solo Stakers,2022-10-24 00:00:00
109824,3432.0,1920,Solo Stakers,2022-10-17 00:00:00
107904,3372.0,4352,Solo Stakers,2022-10-10 00:00:00
103552,3236.0,640,Solo Stakers,2022-10-03 00:00:00
102912,3216.0,800,Solo Stakers,2022-09-26 00:00:00
102112,3191.0,1920,Solo Stakers,2022-09-19 00:00:00
100192,3131.0,2880,Solo Stakers,2022-09-12 00:00:00
97312,3041.0,8384,Solo Stakers,2022-09-05 00:00:00
88928,2779.0,3552,Solo Stakers,2022-08-29 00:00:00
85376,2668.0,512,Solo Stakers,2022-08-22 00:00:00
84864,2652.0,544,Solo Stakers,2022-08-15 00:00:00
84320,2635.0,3712,Solo Stakers,2022-08-08 00:00:00
80608,2519.0,896,Solo Stakers,2022-08-01 00:00:00
79712,2491.0,160,Solo Stakers,2022-07-25 00:00:00
79552,2486.0,1216,Solo Stakers,2022-07-18 00:00:00
78336,2448.0,1376,Solo Stakers,2022-07-11 00:00:00
76960,2405.0,4640,Solo Stakers,2022-07-04 00:00:00
72320,2260.0,800,Solo Stakers,2022-06-27 00:00:00
71520,2235.0,1952,Solo Stakers,2022-06-20 00:00:00
69568,2174.0,3488,Solo Stakers,2022-06-13 00:00:00
66080,2065.0,832,Solo Stakers,2022-06-06 00:00:00
65248,2039.0,192,Solo Stakers,2022-05-30 00:00:00
65056,2033.0,544,Solo Stakers,2022-05-23 00:00:00
64512,2016.0,8288,Solo Stakers,2022-05-16 00:00:00
56224,1757.0,352,Solo Stakers,2022-05-09 00:00:00
55872,1746.0,1952,Solo Stakers,2022-05-02 00:00:00
53920,1685.0,96,Solo Stakers,2022-04-25 00:00:00
53824,1682.0,2592,Solo Stakers,2022-04-18 00:00:00
51232,1601.0,2208,Solo Stakers,2022-04-11 00:00:00
49024,1532.0,3776,Solo Stakers,2022-04-04 00:00:00
45248,1414.0,4800,Solo Stakers,2022-03-28 00:00:00
40448,1264.0,864,Solo Stakers,2022-03-21 00:00:00
39584,1237.0,3680,Solo Stakers,2022-03-14 00:00:00
35904,1122.0,448,Solo Stakers,2022-03-07 00:00:00
35456,1108.0,192,Solo Stakers,2022-02-28 00:00:00
35264,1102.0,256,Solo Stakers,2022-02-21 00:00:00
35008,1094.0,288,Solo Stakers,2022-02-14 00:00:00
34720,1085.0,480,Solo Stakers,2022-02-07 00:00:00
34240,1070.0,3456,Solo Stakers,2022-01-31 00:00:00
30784,962.0,6720,Solo Stakers,2022-01-24 00:00:00
24064,752.0,160,Solo Stakers,2022-01-17 00:00:00
23904,747.0,64,Solo Stakers,2022-01-10 00:00:00
23840,745.0,128,Solo Stakers,2022-01-03 00:00:00
23712,741.0,256,Solo Stakers,2021-12-27 00:00:00
23456,733.0,0,Solo Stakers,2021-12-20 00:00:00
23456,733.0,7072,Solo Stakers,2021-12-13 00:00:00
16384,512.0,288,Solo Stakers,2021-12-06 00:00:00
16096,503.0,6656,Solo Stakers,2021-11-29 00:00:00
9440,295.0,1344,Solo Stakers,2021-11-22 00:00:00
8096,253.0,800,Solo Stakers,2021-11-15 00:00:00
7296,228.0,5760,Solo Stakers,2021-11-08 00:00:00
1536,48.0,1536,Solo Stakers,2021-11-01 00:00:00
